{"n_neighbors": 5, "min_dist": 0.006845194169693487, "spread": 0.6788613611305662, "metric": "euclidean", "negative_sample_rate": 14, "learning_rate": 0.15699563401818603}